denisqqqq,4fb10af9-703c-480f-bd0f-2dae47c1811d,27
sdasdasd,d9c27df6-2ed5-4e49-8ec9-9ce20f486c20,131
sdfsdfsdfsd,efb31b91-69b1-41bc-91f4-331a6f8d6afe,240
asmtest,78c5d2c6-9be7-4868-9571-06731a7b2a6a,182
dfdsfdsfds,4dc0e0cb-7075-4a27-a28e-4d472189417f,233
dfsdafdsfasdfads,f80c44f9-58da-4ffe-b883-5331c80fcaf1,3
gbgrbergrgb,798fee1f-0fec-4f81-a18c-d1a613be8e33,3
rbrbrgbrb,a61b80c8-8d95-4fbe-987c-b273712a9d51,3
kyiumiumiumiumiuy,6b0caf5e-f28e-4be1-869b-838dfc0f837f,8
querier,4c21c8f3-edad-4f1b-ae0b-30f326c0abb8,4
gbfgbfgbfg,121f15ef-3506-4941-94e2-418a5bcf3880,1
fdfdfdsfsdf,d6e9cff1-5411-4c00-a9cc-b487d6065630,1
